114,afternoon section
114,capitalism
114,capitalism
114,capitalism
114,capitalism
114,cheesy
114,cheesy
114,chick flick
114,chick flick
114,chick flick
114,chick flick
114,chick flick
114,chick flick
114,chick flick
114,chick flick
114,chick flick
114,cinderella
114,cinderella
114,cinderella
114,cinderella
114,cinderella
114,cinderella
114,cinderella
114,classic
114,classical
114,classical
114,Classic Romance
114,Comedy
114,Comedy
114,Comedy
114,Comedy
114,Comedy
114,Comedy
114,Divx1
114,fish out of water
114,fish out of water
114,foqam
114,funny
114,Garry Marshall
114,girlie movie
114,girlie movie
114,girlie movie
114,girlie movie
114,girlie movie
114,girlie movie
114,girlie movie
114,girlie movie
114,girlie movie
114,girlie movie
114,girlie movie
114,girlie movie
114,girlie movie
114,girlie movie
114,girlie movie
114,Good Romantic Comedies
114,Good Romantic Comedies
114,Good Romantic Comedies
114,Good Romantic Comedies
114,Good Romantic Comedies
114,Good Romantic Comedies
114,happy ending
114,happy ending
114,Hollywood
114,Hollywood
114,Hollywood
114,Hollywood
114,hooker
114,hooker with a heart of gold
114,hooker with a heart of gold
114,Jason Alexander
114,Jason Alexander
114,john
114,julia roberts
114,julia roberts
114,julia roberts
114,julia roberts
114,Julia Roberts
114,Julia Roberts
114,Julia Roberts
114,Julia Roberts
114,Julia Roberts
114,Julia Roberts
114,Julia Roberts
114,Julia Roberts
114,Julia Roberts
114,Julia Roberts
114,Julia Roberts
114,Julia Roberts
114,Julia Roberts
114,Julia Roberts
114,Julia Roberts
114,Julia Roberts
114,Julia Roberts
114,Julia Roberts
114,Julia Roberts
114,Julia Roberts
114,Julia Roberts
114,Julia Roberts
114,Julia Roberts
114,Julia Roberts
114,Julia Roberts
114,Julia Roberts
114,Julia Roberts
114,Julia Roberts
114,Julia Roberts
114,Julia Roberts
114,Julia Roberts is stupid ugly and can't act
114,Laura San Giacomo
114,love story
114,misogyny
114,overrated
114,plot:client falls in love with sex worker
114,plot:client falls in love with sex worker
114,predictable
114,president
114,president
114,prince charming
114,prince charming
114,prince charming
114,prince charming
114,prince charming
114,PROSTITUTES
114,PROSTITUTES
114,prostitution
114,prostitution
114,prostitution
114,prostitution
114,prostitution
114,prostitution
114,prostitution
114,prostitution
114,prostitution
114,prostitution
114,prostitution
114,prostitution
114,prostitution
114,Prostitution
114,pygmalion
114,pygmalion
114,pygmalion
114,pygmalion
114,rags to riches
114,rags to riches
114,rags to riches
114,rags to riches
114,Ralph Bellamy
114,richard gere
114,Richard Gere
114,Richard Gere
114,Richard Gere
114,Richard Gere
114,Richard Gere
114,Richard Gere
114,Richard Gere
114,Richard Gere
114,Richard Gere
114,Richard Gere
114,Richard Gere
114,Richard Gere
114,Richard Gere
114,Richard Gere
114,Richard Gere
114,Richard Gere
114,Richard Gere
114,romance
114,romance
114,romance
114,romance
114,romance
114,romance
114,romance
114,romance
114,romance
114,romance
114,romance
114,romance
114,romance
114,romance
114,romance
114,romance
114,romance
114,romance
114,romance
114,Romance
114,Romance
114,Romance
114,ROMANTIC
114,ROMANTIC
114,ROMANTIC
114,ROMANTIC
114,romantic comedy
114,seen more than once
114,seen more than once
114,sexism
114,sexism
114,sexism
114,shopping
114,shopping
114,shopping
114,shopping
114,shopping
114,shopping
114,shopping
114,shopping
114,shopping
114,shopping
114,shopping
114,shopping
114,sport car
114,sport car
114,story-plot
114,unreflective
114,unreflective
114,unreflective
114,Whore
114,YOUNG WOMEN'S FAVORATE
10020,18th century
10020,18th century
10020,2D animation
10020,70mm
10020,affectionate
10020,affectionate
10020,affectionate
10020,affectionate
10020,affectionate
10020,almost favorite
10020,animated
10020,animated
10020,animated classic
10020,animation
10020,animation
10020,animation
10020,animation
10020,animation
10020,animation
10020,animation
10020,animation
10020,animation
10020,animation
10020,animation
10020,animation
10020,animation
10020,animation
10020,animation
10020,Animation
10020,avi
10020,BD-Video
10020,Bearable Disney
10020,beautiful
10020,beautiful
10020,beautiful
10020,beautiful
10020,beautiful
10020,beautiful
10020,Bechdel Test:Fail
10020,Cartoon
10020,cellos
10020,cellos
10020,characters
10020,childhood classic
10020,classic
10020,classic
10020,classic
10020,classic tale
10020,Dimensionalized 2-D to 3-D
10020,disney
10020,disney
10020,Disney
10020,Disney
10020,Disney
10020,Disney
10020,Disney
10020,Disney
10020,Disney
10020,Disney
10020,Disney
10020,Disney
10020,Disney
10020,Disney
10020,Disney
10020,Disney
10020,Disney
10020,Disney
10020,Disney
10020,Disney
10020,Disney
10020,Disney
10020,Disney
10020,Disney
10020,Disney
10020,Disney
10020,Disney
10020,Disney
10020,Disney
10020,Disney
10020,Disney
10020,Disney
10020,Disney
10020,Disney
10020,Disney
10020,Disney animated feature
10020,Disney animated feature
10020,Disney animated feature
10020,Disney animated feature
10020,Disney animated feature
10020,Disney Renaissance
10020,DVD-Video
10020,fairy tale
10020,fairy tale
10020,fairy tale
10020,fairy tale
10020,fairy tale
10020,fairy tale
10020,fairy tale
10020,fairy tale
10020,fairy tale
10020,fairy tale
10020,fairy tale
10020,fairy tale
10020,fairy tale
10020,fairy tale
10020,fairy tale
10020,fairy tales
10020,fairy tales
10020,fairy tales
10020,fairy tales
10020,FATHERS AND DAUGHTERS
10020,France
10020,France
10020,France
10020,France
10020,Gary Trousdale
10020,Gary Trousdale
10020,Gaston
10020,gentle
10020,gentle
10020,gentle
10020,gentle
10020,gentle
10020,heartwarming
10020,heartwarming
10020,heartwarming
10020,heartwarming
10020,heartwarming
10020,heartwarming
10020,heartwarming
10020,heartwarming
10020,heartwarming
10020,heroine
10020,heroine
10020,heroine
10020,heroine
10020,humorous
10020,humorous
10020,humorous
10020,humorous
10020,humorous
10020,IhQ
10020,IMAX
10020,kids
10020,kids and family
10020,kids and family
10020,Kirk Wise
10020,lavish
10020,National Film Registry
10020,National Film Registry
10020,nice
10020,one of disney's best
10020,OPPOSITES ATTRACT
10020,Oscar (Best Music - Original Score)
10020,Oscar (Best Music - Original Score)
10020,Oscar (Best Music - Original Score)
10020,Oscar (Best Music - Original Song)
10020,Oscar (Best Music - Original Song)
10020,Oscar (Best Music - Original Song)
10020,Over-rated
10020,own
10020,Playlist
10020,redemption
10020,redemption
10020,redemption
10020,redemption
10020,seen more than once
10020,seen more than once
10020,seen more than once
10020,SERVANTS AND EMPLOYERS
10020,slow
10020,story
10020,subgenre:fairy tale
10020,Super-35 Blow-Up
10020,sweet
10020,sweet
10020,The beast
10020,torrential downpour
10020,Tumey's VHS
10020,Want
10020,watch list
10020,whimsical
10020,whimsical
10020,whimsical
274,100 Essential Female Performances
274,2.5
274,acting
274,Acting
274,AFI 100
274,AFI 100 (Movie Quotes)
274,AFI 100 (Thrills)
274,AFI #65
274,anthony hopkins
274,anthony hopkins
274,Anthony Hopkins
274,Anthony Hopkins
274,Anthony Hopkins
274,Anthony Hopkins
274,Anthony Hopkins
274,Anthony Hopkins
274,Anthony Hopkins
274,Anthony Hopkins
274,Anthony Hopkins
274,Anthony Hopkins
274,Anthony Hopkins
274,Anthony Hopkins
274,Anthony Hopkins
274,Anthony Hopkins
274,Anthony Hopkins
274,Anthony Hopkins
274,Anthony Hopkins
274,Anthony Hopkins
274,Anthony Hopkins
274,Anthony Hopkins
274,Anthony Hopkins
274,Anthony Hopkins
274,Anthony Hopkins
274,Anthony Hopkins
274,Anthony Hopkins
274,Anthony Hopkins
274,Anthony Hopkins
274,Anthony Hopkins
274,Anthony Hopkins
274,Anthony Hopkins
274,Anthony Hopkins
274,Anthony Hopkins
274,Anthony Hopkins
274,Anthony Hopkins
274,Anthony Hopkins
274,Anthony Hopkins
274,Anthony Hopkins
274,Anthony Hopkins
274,Anthony Hopkins
274,Anthony Hopkins
274,Anthony Hopkins
274,Anthony Hopkins
274,Anthony Hopkins
274,Anthony Hopkins
274,Anthony Hopkins
274,Anthony Hopkins
274,Anthony Hopkins
274,Anthony Hopkins
274,Anthony Hopkins
274,Anthony Hopkins
274,Anthony Hopkins
274,author:Thomas J. Harris
274,based on a book
274,based on a book
274,based on a book
274,based on a book
274,based on a book
274,based on a book
274,based on a book
274,based on a book
274,based on a book
274,based on a book
274,based on a book
274,based on a book
274,based on a book
274,based on a book
274,based on a book
274,based on a book
274,based on a book
274,based on book
274,based on book
274,based on book
274,based on book
274,based on book
274,Bechdel Test:Pass
274,best movie villain
274,Best Performance:  Anthony Hopkins as Hannibal Lecter
274,BEST PICTURE
274,BEST PICTURE
274,beta
274,BFI modern classic
274,book
274,brilliant horror
274,brilliant horror
274,brilliant horror
274,[bugâ?½] taÄ£s contaÃ¯ning aÄ?Ã§ented characÈ?erÅ¡give ML indigestion.  Will this ever be fixedÂ¿
274,cannibalism
274,cannibalism
274,cannibalism
274,cannibalism
274,cannibalism
274,cannibalism
274,cannibalism
274,cannibalism
274,cannibalism
274,cannibalism
274,cannibalism
274,cannibalism
274,cannibalism
274,cannibalism
274,cannibalism
274,cannibalism
274,cannibalism
274,cannibalism
274,cannibalism
274,cannibalism
274,cannibalism
274,cannibalism
274,cannibalism
274,cannibalism
274,cannibalism
274,cannibalism
274,cannibalism
274,cannibalism
274,cannibalism
274,cannibalism
274,cannibalism
274,cannibalism
274,cannibalism
274,cannibalism
274,cannibalism
274,cannibalism
274,cannibalism
274,cannibalism
274,cannibalism
274,cannibalism
274,cannibalism
274,cannibalism
274,cannibalism
274,cannibalism
274,character:Hannibal Lecter
274,Chianti
274,cinematographer:Tak Fujimoto
274,classic
274,classic
274,classic
274,classic
274,classic
274,classic
274,classic
274,classic
274,classic
274,classic
274,classic
274,classic
274,classic
274,classic
274,classic
274,Classic Thriller
274,creepy
274,crime
274,crime
274,crime
274,crime
274,crime
274,crime
274,crime
274,crime
274,crime
274,crime
274,crime
274,crime
274,crime
274,crime
274,crime
274,crime
274,crime
274,crime
274,crime
274,crime
274,crime
274,crime
274,crime
274,crime
274,crime
274,crime
274,crime
274,crime
274,crime
274,crime
274,Criterion
274,Criterion
274,Demme
274,detective thriller
274,disturbing
274,disturbing
274,disturbing
274,disturbing
274,disturbing
274,disturbing
274,disturbing
274,disturbing
274,disturbing
274,disturbing
274,disturbing
274,disturbing
274,disturbing
274,disturbing
274,disturbing
274,disturbing
274,disturbing
274,disturbing
274,disturbing
274,disturbing
274,disturbing
274,disturbing
274,disturbing
274,disturbing
274,disturbing
274,disturbing
274,disturbing
274,disturbing
274,disturbing
274,disturbing
274,disturbing
274,disturbing
274,disturbing
274,disturbing
274,disturbing
274,disturbing
274,downbeat
274,drama
274,drama
274,drama
274,drama
274,drama
274,drama
274,drama
274,drama
274,drama
274,drama
274,dvd
274,dvd
274,DVD-Video
274,Edgar Award (Best Motion Picture)
274,ehh
274,erlend's DVDs
274,excellent script
274,excellent script
274,excellent script
274,excellent script
274,excellent script
274,excellent script
274,excellent script
274,excellent script
274,excellent script
274,excellent script
274,excellent script
274,excellent script
274,excellent script
274,excellent script
274,excellent script
274,excellent script
274,excellent script
274,excellent script
274,excellent script
274,excellent script
274,excellent script
274,excellent script
274,excellent script
274,exceptional acting
274,fbi
274,fbi
274,FBI
274,FBI
274,FBI
274,Freaked me out!
274,girl power
274,good
274,good acting
274,gothic
274,gothic
274,gothic
274,gothic
274,gothic
274,gothic
274,gothic
274,gothic
274,gothic
274,gothic
274,gothic
274,great acting
274,great acting
274,great acting
274,great acting
274,great acting
274,great acting
274,great acting
274,great acting
274,great acting
274,great acting
274,great acting
274,great acting
274,great acting
274,great acting
274,great acting
274,great acting
274,great acting
274,great acting
274,great acting
274,great acting
274,great acting
274,gruesome
274,gruesome
274,hannibal
274,hannibal
274,hannibal lecter
274,Hannibal Lecter
274,Hannibal Lecter
274,Hannibal Lecter
274,Hannibal Lecter
274,Hannibal Lecter
274,Hannibal Lecter
274,Hannibal Lecter
274,Hannibal Lecter
274,Hannibal Lecter
274,Hannibal Lecter
274,Hannibal Lecter
274,Hannibal Lecter
274,Hannibal Lecter
274,Hannibal Lecter
274,Hannibal Lecter
274,Hannibal Lecter
274,Hannibal Lecter
274,Hannibal Lecter
274,Hannibal Lecter
274,Hannibal Lecter
274,Hannibal Lecter
274,Hannibal Lecter
274,Hannibal Lecter
274,Hannibal Lecter
274,Hannibal Lecter
274,Hannibal Lecter
274,Hannibal Lecter
274,Hannibal Lecter
274,Hannibal Lecter
274,Hannibal Lecter
274,Hannibal Lecter
274,Hannibal Lecter
274,Hannibal Lector
274,Hannibal Lector
274,Hannibal Lector
274,Hannibal Lector
274,Hannibal Lector
274,Hannibal Lector
274,HAUNTED BY THE PAST
274,horror
274,horror
274,horror
274,Horror
274,Horror
274,Horror
274,Horror
274,Horror
274,Horror
274,Horror
274,Horror
274,Horror
274,Horror
274,human monster
274,ill
274,imdb top 250
274,imdb top 250
274,imdb top 250
274,imdb top 250
274,imdb top 250
274,imdb top 250
274,inteligent mind
274,inteligent mind
274,intelligence
274,investigation
274,investigation
274,investigation
274,investigation
274,investigation
274,investigation
274,investigation
274,jodie foster
274,jodie foster
274,jodie foster
274,Jodie Foster
274,Jodie Foster
274,Jodie Foster
274,Jodie Foster
274,Jodie Foster
274,Jodie Foster
274,Jodie Foster
274,Jodie Foster
274,Jodie Foster
274,Jodie Foster
274,Jodie Foster
274,Jodie Foster
274,Jodie Foster
274,Jodie Foster
274,Jodie Foster
274,Jodie Foster
274,Jodie Foster
274,Jodie Foster
274,Jodie Foster
274,Jodie Foster
274,Jodie Foster
274,Jodie Foster
274,Jodie Foster
274,Jodie Foster
274,Jodie Foster
274,Jodie Foster
274,Jodie Foster
274,Jodie Foster
274,Jodie Foster
274,Jodie Foster
274,Jodie Foster
274,Jodie Foster
274,Jodie Foster
274,Jodie Foster
274,Jodie Foster
274,Jodie Foster
274,Jodie Foster
274,Jodie Foster
274,Jody Foster
274,Jonathan Demme
274,Jonathan Demme
274,Jonathan Demme
274,Katso Sanna!
274,manipulation
274,manipulation
274,menacing
274,mental illness
274,mental illness
274,mental illness
274,mental illness
274,mental illness
274,mental illness
274,mental illness
274,mental illness
274,mental illness
274,mental illness
274,mental illness
274,mental illness
274,mental illness
274,mental illness
274,mental illness
274,mental illness
274,mental illness
274,mental illness
274,mental illness
274,mental illness
274,mental illness
274,mental illness
274,metamorphosis
274,MIND GAMES
274,MIND GAMES
274,murder
274,MURDER INVESTIGATIONS
274,My DVDs
274,Nothing at all
274,Oscar (Best Actor)
274,Oscar (Best Actor)
274,Oscar (Best Actor)
274,Oscar (Best Actor)
274,Oscar (Best Actor)
274,Oscar (Best Actor)
274,Oscar (Best Actor)
274,Oscar (Best Actor)
274,Oscar (Best Actor)
274,Oscar (Best Actor)
274,Oscar (Best Actor)
274,Oscar (Best Actor)
274,Oscar (Best Actor)
274,Oscar (Best Actress)
274,Oscar (Best Actress)
274,Oscar (Best Actress)
274,Oscar (Best Actress)
274,Oscar (Best Actress)
274,Oscar (Best Actress)
274,Oscar (Best Actress)
274,Oscar (Best Actress)
274,Oscar (Best Actress)
274,Oscar (Best Actress)
274,Oscar (Best Actress)
274,Oscar (Best Directing)
274,Oscar (Best Directing)
274,Oscar (Best Directing)
274,Oscar (Best Directing)
274,Oscar (Best Directing)
274,Oscar (Best Directing)
274,Oscar (Best Directing)
274,Oscar (Best Picture)
274,Oscar (Best Picture)
274,Oscar (Best Picture)
274,Oscar (Best Picture)
274,Oscar (Best Picture)
274,Oscar (Best Picture)
274,Oscar (Best Picture)
274,Oscar (Best Picture)
274,Oscar (Best Picture)
274,Oscar (Best Picture)
274,Oscar (Best Picture)
274,Oscar (Best Picture)
274,Oscar (Best Picture)
274,Oscar (Best Picture)
274,Oscar (Best Picture)
274,Oscar (Best Picture)
274,Oscar (Best Picture)
274,Oscar (Best Writing - Screenplay Based on Material from Another Medium)
274,Oscar (Best Writing - Screenplay Based on Material from Another Medium)
274,Oscar Winner
274,own
274,owned
274,Owned
274,Poster
274,prequel to:Hannibal
274,psychiatrist
274,psychiatrist
274,psychiatrist
274,psychiatrist as protagonist
274,psychological
274,psychological
274,psychological
274,psychological
274,psychological
274,psychological
274,psychological
274,psychological
274,psychological drama
274,psychological drama
274,psychology
274,psychology
274,psychology
274,psychology
274,psychology
274,psychology
274,psychology
274,psychology
274,psychology
274,psychology
274,psychology
274,psychology
274,psychology
274,psychology
274,psychology
274,psychology
274,psychology
274,psychology
274,psychology
274,psychology
274,psychology
274,psychology
274,psychology
274,psychology
274,psychology
274,psychology
274,psychology
274,psychology
274,psychology
274,psychology
274,psychology
274,psychology
274,psychology
274,psychology
274,psychology
274,psychology
274,psychology
274,psychology
274,psychology
274,psychology
274,psychology
274,psychology
274,psychology
274,psychology
274,psychology
274,psychology
274,psychology
274,psychology
274,psychology
274,psychology
274,psychology
274,psychology
274,psychology
274,psychology
274,psychology
274,psychology
274,psychology
274,psychology
274,psychology
274,psychology
274,psychology
274,psychology
274,psychology
274,psychology
274,psychology
274,Quotable
274,ROOKIE COPS
274,Saturn Award (Best Actor)
274,Saturn Award (Best Actor)
274,Saturn Award (Best Actor)
274,Saturn Award (Best Horror Film)
274,Saturn Award (Best Horror Film)
274,Saturn Award (Best Makeup)
274,Saturn Award (Best Makeup)
274,Saturn Award (Best Makeup)
274,Saturn Award (Best Writing)
274,Saturn Award (Best Writing)
274,Saturn Award (Best Writing)
274,Scott Glenn
274,seen more than once
274,sequel to:Silence Of The Lambs
274,serial killer
274,serial killer
274,serial killer
274,serial killer
274,serial killer
274,serial killer
274,serial killer
274,serial killer
274,serial killer
274,serial killer
274,serial killer
274,serial killer
274,serial killer
274,serial killer
274,serial killer
274,serial killer
274,serial killer
274,serial killer
274,serial killer
274,serial killer
274,serial killer
274,serial killer
274,serial killer
274,serial killer
274,serial killer
274,serial killer
274,serial killer
274,serial killer
274,serial killer
274,serial killer
274,serial killer
274,serial killer
274,serial killer
274,serial killer
274,serial killer
274,serial killer
274,serial killer
274,serial killer
274,serial killer
274,serial killer
274,serial killer
274,serial killer
274,serial killer
274,serial killer
274,serial killer
274,serial killer
274,serial killer
274,serial killer
274,serial killer
274,serial killer
274,serial killer
274,serial killer
274,serial killer
274,serial killer
274,serial killer
274,serial killer
274,serial killer
274,serial killer
274,serial killer
274,serial killer
274,serial killer
274,serial killer
274,serial killer
274,serial killer
274,serial killer
274,serial killer
274,serial killer
274,serial killer
274,serial killer
274,serial killer
274,serial killer
274,serial killer
274,serial killer
274,serial killer
274,serial killer
274,serial killer
274,serial killer
274,serial killer
274,serial killer
274,serial killer
274,serial killer
274,serial killer
274,serial killer
274,SERIAL KILLERS
274,Sexualized violence
274,Sexualized violence
274,strong female lead
274,strong female lead
274,strong female lead
274,suspense
274,suspense
274,suspense
274,suspense
274,suspense
274,suspense
274,suspense
274,suspense
274,suspense
274,suspense
274,suspense
274,suspense
274,suspense
274,suspense
274,suspense
274,suspense
274,suspense
274,suspense
274,suspense
274,suspense
274,suspense
274,suspense
274,suspenseful
274,Téa Leoni does not star in this movie
274,tense
274,tense
274,tense
274,tense
274,this movie scares the stuffing out of me!
274,this movie scares the stuffing out of me!
274,Thomas Harris
274,Thomas Harris
274,thriller
274,thriller
274,thriller
274,thriller
274,thriller
274,Thriller
274,torture
274,torture
274,torture
274,to see: horror
274,TRAPPED OR CONFINED
274,Tumey's VHS
274,TV
274,twists & turns
274,twists & turns
274,USA
274,VHS
274,violent
274,violent
274,violent
274,violent
274,violent
274,violent
274,violent
274,violent
274,violent
274,violent
274,violent
274,Want
274,want it
274,what are you stuffed with?
274,you still wake up sometimes don't you? you wake up in the dark and hear the screaming of the lambs
280,70mm
280,70mm
280,80s
280,action
280,action
280,action
280,action
280,action
280,action
280,action
280,action
280,action
280,action
280,action
280,action
280,action
280,action
280,action
280,action
280,action
280,action
280,action
280,action
280,action
280,action
280,action
280,action
280,action
280,Action
280,Action
280,adventure
280,AFI 100 (Movie Quotes)
280,AFI 100 (Thrills)
280,androids
280,androids
280,androids
280,androids
280,androids
280,androids
280,androids
280,android(s)/cyborg(s)
280,android(s)/cyborg(s)
280,android(s)/cyborg(s)
280,apocalypse
280,apocalypse
280,apocalypse
280,apocalypse
280,apocalypse
280,apocalypse
280,apocalypse
280,apocalypse
280,apocalypse
280,apocalypse
280,apocalypse
280,apocalypse
280,apocalypse
280,apocalypse
280,apocalypse
280,apocalypse
280,apocalypse
280,apocalypse
280,apocalypse
280,apocalypse
280,apocalypse
280,apocalyptic
280,arnold
280,arnold
280,arnold
280,arnold
280,arnold
280,arnold
280,arnold
280,arnold
280,arnold
280,arnold
280,arnold
280,arnold
280,arnold
280,arnold
280,arnold
280,arnold
280,arnold
280,arnold
280,arnold
280,arnold
280,arnold
280,arnold
280,arnold
280,arnold
280,arnold
280,arnold
280,arnold
280,arnold
280,arnold
280,arnold
280,arnold
280,arnold
280,arnold
280,Arnold Schwarzenegger
280,Arnold Schwarzenegger
280,Arnold Schwarzenegger
280,Arnold Schwarzenegger
280,Arnold Schwarzenegger
280,Arnold Schwarzenegger
280,Arnold Schwarzenegger
280,Arnold Schwarzenegger
280,Arnold Schwarzenegger
280,Arnold Schwarzenegger
280,Arnold Schwarzenegger
280,Arnold Schwarzenegger
280,Arnold Schwarzenegger
280,Arnold Schwarzenegger
280,Arnold Schwarzenegger
280,Arnold Schwarzenegger
280,Arnold Schwarzenegger
280,Arnold Schwarzenegger
280,Arnold Schwarzenegger
280,Arnold Schwarzenegger
280,Arnold Schwarzenegger
280,Arnold Schwarzenegger
280,Arnold Schwarzenegger
280,Arnold Schwarzenegger
280,Arnold Schwarzenegger
280,Arnold Schwarzenegger
280,Arnold Schwarzenegger
280,Arnold Schwarzenegger
280,Arnold Schwarzenegger
280,Arnold Schwarzenegger
280,Arnold Schwarzenegger
280,Arnold Schwarzenegger
280,Arnold Schwarzenegger
280,Arnold Schwarzenegger
280,Arnold Schwarzenegger
280,Arnold Schwarzenegger
280,Arnold Schwarzenegger
280,Arnold Schwarzenegger
280,arnold swartzenegger
280,artificial intelligence
280,artificial intelligence
280,artificial intelligence
280,artificial intelligence
280,artificial intelligence
280,artificial intelligence
280,artificial intelligence
280,artificial intelligence
280,artificial intelligence
280,artificial intelligence
280,artificial intelligence
280,artificial intelligence
280,artificial intelligence
280,artificial intelligence
280,artificial intelligence
280,artificial intelligence
280,artificial intelligence
280,artificial intelligence
280,artificial intelligence
280,artificial intelligence
280,artificial intelligence
280,artificial intelligence
280,assassin
280,assassin
280,assassin
280,assassin
280,assassin
280,assassin
280,assassin
280,avi
280,Best ever
280,better than original
280,Bibliothek
280,Business is the antagonist
280,but in evil liquid metal robot form
280,CGI
280,characters
280,characters
280,chase
280,cheesy
280,child hero
280,Cinema Digital Sound
280,classic
280,classic
280,classic
280,classic
280,classic
280,classic
280,classic
280,classic
280,classic
280,CLV
280,complex script
280,computers
280,computers
280,computers
280,computers
280,computers
280,computers
280,computers
280,computers
280,computers
280,computers
280,computers
280,computers
280,cyborgs
280,cyborgs
280,cyborgs
280,cyborgs
280,cyborgs
280,dialogue
280,Divx1
280,dvd
280,dvd
280,DVD-Video
280,Dynamic CGI Action
280,dystopia
280,dystopia
280,dystopia
280,dystopia
280,dystopia
280,dystopia
280,dystopia
280,dystopia
280,dystopia
280,dystopia
280,dystopia
280,dystopia
280,dystopia
280,dystopia
280,dystopia
280,dystopia
280,dystopia
280,dystopia
280,dystopia
280,dystopia
280,dystopia
280,dystopia
280,dystopia
280,dystopia
280,dystopia
280,dystopia
280,dystopia
280,dystopia
280,dystopia
280,dystopic future
280,dystopic future
280,edward furlong
280,Edward Furlong
280,Emotional and Heroic
280,END OF THE WORLD
280,END OF THE WORLD
280,END OF THE WORLD
280,Eric's Dvds
280,Excellent action movie
280,explodeytime
280,fighting
280,foul language
280,France
280,future
280,future
280,future
280,future
280,future
280,future
280,future
280,future
280,future
280,future
280,future
280,future
280,future
280,future
280,future
280,Futuristmovies.com
280,get
280,Governator
280,groundbreaking effects
280,Hasta La Vista
280,HEROIC MISSION
280,imdb top 250
280,imdb top 250
280,imdb top 250
280,imdb top 250
280,imdb top 250
280,incredible
280,James Cameron
280,James Cameron
280,James Cameron
280,James Cameron
280,James Cameron
280,James Cameron
280,James Cameron
280,James Cameron
280,jb's dvds
280,kick ass
280,killer-as-protagonist
280,like crack
280,Linda Hamilton
280,Linda Hamilton
280,Linda Hamilton
280,man versus machine
280,man versus machine
280,man versus machine
280,mayhem
280,memasa's movies
280,Memorable Characters
280,menacing
280,mother-son relationship
280,motorcycle
280,murder
280,murder
280,music
280,music
280,music
280,narrated
280,narrated
280,narrated
280,narrated
280,narrated
280,nuclear war
280,nuclear war
280,nuclear war
280,nuclear war
280,nuclear war
280,nuclear war
280,nuclear war
280,nuclear war
280,nuclear war
280,nuclear war
280,nuclear war
280,nuclear war
280,nuclear war
280,nuclear war
280,nuclear war
280,nudity
280,one of the best
280,original plot
280,original plot
280,original plot
280,Oscar (Best Effects - Sound Effects Editing)
280,Oscar (Best Effects - Sound Effects Editing)
280,Oscar (Best Effects - Visual Effects)
280,Oscar (Best Effects - Visual Effects)
280,Oscar (Best Effects - Visual Effects)
280,Oscar (Best Effects - Visual Effects)
280,Oscar (Best Effects - Visual Effects)
280,Oscar (Best Effects - Visual Effects)
280,Oscar (Best Makeup)
280,Oscar (Best Makeup)
280,Oscar (Best Sound)
280,Oscar (Best Sound)
280,paradox
280,paradox
280,paranoid
280,paranoid
280,Probably the best sci-fi film ever made
280,Quotable
280,Rated R
280,realistic tough female
280,rebels
280,redemption
280,robot
280,robots
280,robots
280,robots
280,robots
280,robots
280,robots
280,robots
280,robots
280,robots
280,robots
280,robots
280,robots
280,robots
280,robots
280,robots
280,robots
280,robots
280,robots
280,robots
280,robots
280,robots
280,robots
280,robots
280,robots
280,robots
280,robots
280,ROBOTS AND ANDROIDS
280,Saturn Award (Best Actress)
280,Saturn Award (Best Actress)
280,Saturn Award (Best Director)
280,Saturn Award (Best Director)
280,Saturn Award (Best Performance by a Younger Actor)
280,Saturn Award (Best Performance by a Younger Actor)
280,Saturn Award (Best Science Fiction Film)
280,Saturn Award (Best Science Fiction Film)
280,Saturn Award (Best Science Fiction Film)
280,Saturn Award (Best Science Fiction Film)
280,Saturn Award (Best Special Effects)
280,Saturn Award (Best Special Effects)
280,Saturn Award (Best Special Effects)
280,schwarzenegger
280,schwarzenegger
280,Schwarzenneger character now controlled by good
280,scifi
280,sci-fi
280,sci-fi
280,sci-fi
280,sci-fi
280,sci-fi
280,sci-fi
280,sci-fi
280,sci-fi
280,sci-fi
280,sci-fi
280,sci-fi
280,sci-fi
280,sci-fi
280,sci-fi
280,sci-fi
280,sci-fi
280,sci-fi
280,sci-fi
280,sci-fi
280,sci-fi
280,sci-fi
280,sci-fi
280,sci-fi
280,sci-fi
280,sci-fi
280,sci-fi
280,sci-fi
280,sci-fi
280,sci-fi
280,sci-fi
280,sci-fi
280,sci-fi
280,sci-fi
280,Sci-Fi
280,Sci-Fi
280,Scifi masterpiece
280,Scifi masterpiece
280,script
280,script
280,seen at the cinema
280,seen more than once
280,seen more than once
280,sequel better than original
280,shape shifter
280,slick
280,special effects
280,special effects
280,story
280,stylized
280,stylized
280,stylized
280,stylized
280,stylized
280,stylized
280,stylized
280,stylized
280,stylized
280,Super-35 Blow-Up
280,Suspense
280,Suspense
280,Suspense
280,Suspense
280,Suspense
280,Suspense
280,Suspense
280,Suspense
280,Téa Leoni does not star in this movie
280,television
280,tense
280,tense
280,the best terminator
280,thriller
280,thriller
280,Time paradox
280,timetravel
280,time travel
280,time travel
280,time travel
280,time travel
280,time travel
280,time travel
280,time travel
280,time travel
280,time travel
280,time travel
280,time travel
280,time travel
280,time travel
280,time travel
280,time travel
280,time travel
280,time travel
280,time travel
280,time travel
280,time travel
280,time travel
280,time travel
280,time travel
280,time travel
280,time travel
280,time travel
280,time travel
280,time travel
280,time travel
280,time travel
280,time travel
280,time travel
280,time travel
280,time travel
280,time travel
280,time travel
280,time travel
280,time travel
280,time travel
280,time travel
280,time travel
280,time travel
280,time travel
280,time-travel
280,time-travel
280,Time travel
280,TIME TRAVEL
280,USA
280,violence
280,violence
280,violence
280,violence
280,violence
280,violence
280,violence
280,violence
280,violence
280,violence
280,visceral
280,visual effects
280,visual effects
280,well-done time travel
812,2D animation
812,Action
812,Action
812,Action
812,Action
812,Action
812,Action
812,adventure
812,adventure
812,adventure
812,adventure
812,adventure
812,adventure
812,adventure
812,adventure
812,adventure
812,adventure
812,aliens
812,aliens
812,animated
812,animated
812,animation
812,animation
812,animation
812,animation
812,animation
812,animation
812,animation
812,animation
812,animation
812,animation
812,animation
812,animation
812,animation
812,Animation Disney
812,arabs
812,artistic
812,artistic
812,artistic
812,artistic
812,artistic
812,avi
812,Bearable Disney
812,cartoon
812,cartoon
812,Cartoon
812,CAV
812,children
812,children
812,comedy
812,comedy
812,comedy
812,comedy
812,coming of age
812,coming of age
812,coming of age
812,disney
812,disney
812,disney
812,disney
812,Disney
812,Disney
812,Disney
812,Disney
812,Disney
812,Disney
812,Disney
812,Disney
812,Disney
812,Disney
812,Disney
812,Disney
812,Disney
812,Disney
812,Disney
812,Disney
812,Disney
812,Disney
812,Disney
812,Disney
812,Disney
812,Disney
812,Disney
812,Disney
812,Disney
812,Disney
812,Disney animated feature
812,Disney animated feature
812,Disney Renaissance
812,Divx1
812,DVD Collection
812,excellent
812,fairy tale
812,fairy tale
812,fairy tale
812,fairy tale
812,fairy tale
812,fairy tale
812,fairy tale
812,fairy tale
812,family comedy
812,Fantasy
812,Fantasy
812,Fantasy
812,Fantasy
812,fun
812,funny
812,funny
812,funny
812,funny
812,funny
812,good versus evil
812,good versus evil
812,good versus evil
812,good versus evil
812,hard to rate
812,hard to rate (personal)
812,hard to rate (personal)
812,holes90s
812,Katottava
812,kids
812,kids and family
812,kids and family
812,kids and family
812,kids and family
812,kids and family
812,middle east
812,middle east
812,middle east
812,middle east
812,music
812,musical
812,musical
812,musical
812,musical
812,musical
812,musical
812,musical
812,musical
812,musical
812,musical
812,musical
812,Oscar (Best Music - Original Score)
812,Oscar (Best Music - Original Score)
812,Oscar (Best Music - Original Score)
812,Oscar (Best Music - Original Score)
812,Oscar (Best Music - Original Score)
812,Oscar (Best Music - Original Score)
812,Oscar (Best Music - Original Song)
812,Oscar (Best Music - Original Song)
812,Oscar (Best Music - Original Song)
812,own
812,prince abubu
812,rags to riches
812,rags to riches
812,rags to riches
812,rags to riches
812,Robin Williams
812,Robin Williams
812,Robin Williams
812,Robin Williams
812,Robin Williams
812,Robin Williams
812,Robin Williams
812,Robin Williams
812,Robin Williams
812,Robin Williams
812,Robin Williams
812,Robin Williams
812,Ron Clements
812,seen at the cinema
812,seen more than once
812,seen more than once
812,stereotypes
812,stereotypes
812,stereotypes
812,(s)vcd
812,want to own
812,young kids
5503,1304
5503,action
5503,action
5503,action
5503,Action
5503,Action
5503,Action
5503,Action
5503,Action
5503,Action
5503,Action
5503,adapted from:TV series
5503,adapted from:TV series
5503,AFI 100 (Thrills)
5503,AFI 100 (Thrills)
5503,AFI 100 (Thrills)
5503,andrew davis
5503,Andrew Davis
5503,Andrew Davis
5503,based on a TV show
5503,based on a TV show
5503,based on a TV show
5503,based on a TV show
5503,based on a TV show
5503,business
5503,business
5503,business is the antagonist
5503,Business is the antagonist
5503,chase
5503,chase
5503,chase
5503,chase
5503,chase
5503,chase
5503,chase
5503,chase
5503,Chicago
5503,Chicago
5503,Chicago
5503,crime
5503,crime
5503,crime
5503,crime
5503,crime
5503,crime
5503,crime
5503,detective thriller
5503,doctors
5503,drug company
5503,edge of the seat
5503,Excellent just excellent
5503,FBI pursuit/case
5503,framed
5503,framed
5503,frantic
5503,fugitive
5503,fugitive
5503,Funniest Movies
5503,Funniest Movies
5503,great dialogue
5503,Great Movie!
5503,Great Movie!
5503,great thriller
5503,harrison ford
5503,Harrison Ford
5503,Harrison Ford
5503,Harrison Ford
5503,Harrison Ford
5503,Harrison Ford
5503,Harrison Ford
5503,Harrison Ford
5503,Harrison Ford
5503,Harrison Ford
5503,Harrison Ford
5503,Harrison Ford
5503,Harrison Ford
5503,Harrison Ford
5503,Harrison Ford
5503,Harrison Ford
5503,Harrison Ford
5503,Harrison Ford
5503,Harrison Ford
5503,Harrison Ford
5503,innocent person on the run
5503,Julianne Moore
5503,man on the run
5503,menacing
5503,menacing
5503,murder
5503,murder
5503,murder
5503,ominous
5503,ominous
5503,Oscar (Best Supporting Actor)
5503,Oscar (Best Supporting Actor)
5503,Oscar (Best Supporting Actor)
5503,Oscar (Best Supporting Actor)
5503,Oscar (Best Supporting Actor)
5503,Oscar Winner
5503,overrated
5503,paranoid
5503,paranoid
5503,paranoid
5503,paranoid
5503,plot
5503,police investigation
5503,police investigation
5503,police investigation
5503,police investigation
5503,predictable
5503,predictable
5503,prison escape
5503,prison escape
5503,prison escape
5503,prison escape
5503,prison escape
5503,protagonist is medical doctor
5503,rousing
5503,seen at the cinema
5503,seen part of
5503,setting:Chicago
5503,sewer/tunnel chase
5503,suspense
5503,suspense
5503,Téa Leoni does not star in this movie
5503,tense
5503,tense
5503,tense
5503,tense
5503,the comfort food of movies
5503,this movie sucked
5503,thriller
5503,thriller
5503,thriller
5503,thriller
5503,thriller
5503,thriller
5503,thriller
5503,thriller
5503,thriller
5503,thriller
5503,tommy lee jones
5503,Tommy Lee Jones
5503,Tommy Lee Jones
5503,Tommy Lee Jones
5503,Tommy Lee Jones
5503,Tommy Lee Jones
5503,Tommy Lee Jones
5503,Tommy Lee Jones
5503,Tommy Lee Jones
5503,Tommy Lee Jones
5503,Tommy Lee Jones
5503,Tommy Lee Jones
5503,Tommy Lee Jones
5503,Tommy Lee Jones
5503,Tommy Lee Jones
5503,Tumey's VHS
5503,tv
5503,TV
5503,tv series
5503,USA
5503,Veja
5503,video surveillance
5503,violence
5503,violence
5503,Want
5503,wrongly accused
329,action
329,action
329,action
329,action
329,action
329,action
329,action
329,action
329,action
329,action
329,action
329,action
329,action
329,action
329,action
329,Action
329,adapted from:book
329,adapted from:book
329,adventure
329,adventure
329,adventure
329,adventure
329,adventure
329,adventure
329,adventure
329,adventure
329,adventure
329,adventure
329,adventure
329,adventure
329,adventure
329,adventure
329,adventure
329,adventure
329,adventure
329,adventure
329,adventure
329,adventure
329,adventure
329,adventure
329,adventure
329,adventure
329,adventure
329,adventure
329,AFI 100 (Thrills)
329,amazing cgi
329,amazing FX
329,author:Michael Crichton
329,author:Michael Crichton
329,author:Michael Crichton
329,bad science
329,based on a book
329,based on a book
329,based on a book
329,based on a book
329,based on a book
329,based on a book
329,based on a book
329,based on a book
329,based on a book
329,based on a book
329,based on a book
329,based on a book
329,based on a book
329,based on a book
329,based on a book
329,based on book
329,based on book
329,big budget
329,big budget
329,biology
329,book
329,boooo
329,boooo
329,[bugÂ¿] do you think that ML cares about the bugs related to accÃ©nted characters?
329,[bugÂ¿] If it is truÃ© that impossible to delete tags â??those with accents for example â?? break multÃ®ple parts of the tagging syÅ?tem then ML should fix that bug
329,[bugÂ¿] Ä°s it true that tags that canÃ±ot be deleted make it impossible to view other tÃ£gs?
329,Business is the antagonist
329,buy
329,CAV
329,CGI
329,characters
329,childish
329,children
329,children
329,children
329,cloning
329,cloning
329,cloning
329,cloning
329,cloning
329,cloning
329,cloning
329,cloning
329,cloning
329,cloning
329,cloning
329,Cool but freaky
329,creepy
329,death
329,design
329,Dimensionalized 2-D to 3-D for reissue in 2013
329,dinosaur
329,dinosaur
329,Dinosaur
329,Dinosaur
329,Dinosaur
329,dinosaurs
329,dinosaurs
329,dinosaurs
329,dinosaurs
329,dinosaurs
329,dinosaurs
329,dinosaurs
329,dinosaurs
329,dinosaurs
329,dinosaurs
329,dinosaurs
329,dinosaurs
329,dinosaurs
329,dinosaurs
329,dinosaurs
329,dinosaurs
329,dinosaurs
329,dinosaurs
329,dinosaurs
329,dinosaurs
329,dinosaurs
329,dinosaurs
329,dinosaurs
329,dinosaurs
329,dinosaurs
329,dinosaurs
329,dinosaurs
329,dinosaurs
329,dinosaurs
329,dinosaurs
329,dinosaurs
329,dinosaurs
329,dinosaurs
329,dinosaurs
329,dinosaurs
329,dinosaurs
329,dinosaurs
329,dinosaurs
329,dinosaurs
329,dinosaurs
329,dinosaurs
329,dinosaurs
329,dinosaurs
329,dinosaurs
329,dinosaurs
329,dinosaurs
329,dinosaurs
329,dinosaurs
329,dinosaurs
329,dinosaurs
329,dinosaurs
329,dinosaurs
329,dinosaurs
329,dinosaurs
329,dinosaurs
329,dinosaurs
329,dinosaurs
329,dinosaurs
329,Dinosaurs
329,Dinosaurs
329,Dinosaurs
329,Dinosaurs
329,Divx1
329,drama
329,drama
329,drama
329,drama
329,drama
329,drama
329,drama
329,Drive In
329,Dynamic CGI Action
329,effects
329,effects
329,egg
329,explanation
329,foqam
329,franchise
329,franchise
329,franchise
329,fun
329,funny
329,funny
329,funny
329,funny
329,Futuristmovies.com
329,genetics
329,genetics
329,genetics
329,genetics
329,genetics
329,genetics
329,genetics
329,genetics
329,genetics
329,genetics
329,genetics
329,genetics
329,genetics
329,genetics
329,genetics
329,genetics
329,genetics
329,genetics
329,genetics
329,genetics
329,genetics
329,genetics
329,good for a rainy day if there is nothing on the box
329,good fx
329,groundbreaking effects
329,happy end
329,herds of CGI animals
329,horror
329,horror
329,horror
329,horror
329,horror
329,horror
329,horror
329,horror
329,horror
329,horror
329,humorous
329,humorous
329,ian's fav
329,illogical
329,IMAX DMR 3-D reissue in 2013
329,Jeff Goldblum
329,Jeff Goldblum
329,Jeff Goldblum
329,Jeff Goldblum
329,Jeff Goldblum
329,Jeff Goldblum
329,Laura Dern
329,menacing
329,Michael Crichton
329,Michael Crichton
329,Michael Crichton
329,Michael Crichton
329,Michael Crichton
329,Michael Crichton
329,Michael Crichton
329,Michael Crichton
329,Michael Crichton
329,Michael Crichton
329,Michael Crichton
329,Michael Crichton
329,Michael Crichton
329,Michael Crichton
329,Michael Crichton
329,nostalgia
329,nostalgia
329,not for kids
329,not that good
329,ominous
329,Oscar (Best Effects - Sound Effects Editing)
329,Oscar (Best Effects - Sound Effects Editing)
329,Oscar (Best Effects - Visual Effects)
329,Oscar (Best Effects - Visual Effects)
329,Oscar (Best Effects - Visual Effects)
329,Oscar (Best Effects - Visual Effects)
329,Oscar (Best Effects - Visual Effects)
329,Oscar (Best Effects - Visual Effects)
329,Oscar (Best Effects - Visual Effects)
329,Oscar (Best Effects - Visual Effects)
329,Oscar (Best Effects - Visual Effects)
329,Oscar (Best Effects - Visual Effects)
329,Oscar (Best Effects - Visual Effects)
329,Oscar (Best Effects - Visual Effects)
329,Oscar (Best Effects - Visual Effects)
329,Oscar (Best Effects - Visual Effects)
329,Oscar (Best Effects - Visual Effects)
329,Oscar (Best Effects - Visual Effects)
329,Oscar (Best Effects - Visual Effects)
329,Oscar (Best Sound)
329,Oscar (Best Sound)
329,Oscar Winner
329,Oscar Winner
329,Oscar Winner
329,outdated
329,Owned
329,predictable
329,rate
329,rated from memory
329,read the book
329,Richard Attenborough
329,Sam Neill
329,Sam Neill
329,Saturn Award (Best Director)
329,Saturn Award (Best Director)
329,Saturn Award (Best Science Fiction Film)
329,Saturn Award (Best Science Fiction Film)
329,Saturn Award (Best Science Fiction Film)
329,Saturn Award (Best Science Fiction Film)
329,Saturn Award (Best Special Effects)
329,Saturn Award (Best Special Effects)
329,Saturn Award (Best Special Effects)
329,Saturn Award (Best Writing)
329,Saturn Award (Best Writing)
329,Saturn Award (Best Writing)
329,scary
329,scenic
329,scenic
329,scenic
329,scenic
329,scenic
329,scenic
329,science
329,science
329,science
329,science
329,science
329,scifi
329,scifi
329,sci-fi
329,sci-fi
329,sci-fi
329,sci-fi
329,sci-fi
329,sci-fi
329,sci-fi
329,sci-fi
329,sci-fi
329,sci-fi
329,sci-fi
329,sci-fi
329,sci-fi
329,sci-fi
329,sci-fi
329,sci-fi
329,sci-fi
329,sci-fi
329,sci-fi
329,sci-fi
329,sci-fi
329,sci-fi
329,sci-fi
329,sci-fi
329,sci-fi
329,sci-fi
329,Sci-Fi
329,Sci-Fi
329,seen at the cinema
329,shallow plot
329,slick
329,special effects
329,special effects
329,Speilberg
329,spielberg
329,spielberg/lucas
329,Steven Spielberg
329,Steven Spielberg
329,Steven Spielberg
329,Steven Spielberg
329,Steven Spielberg
329,Steven Spielberg
329,Steven Spielberg
329,Steven Spielberg
329,Steven Spielberg
329,Steven Spielberg
329,Steven Spielberg
329,Steven Spielberg
329,Steven Spielberg
329,Steven Spielberg
329,Steven Spielberg
329,Steven Spielberg
329,Steven Spielberg
329,Steven Spielberg
329,Steven Spielberg
329,Steven Spielberg
329,Steven Spielberg
329,Steven Spielberg
329,Steven Spielberg
329,Steven Spielberg
329,Steven Spielberg
329,Steven Spielberg
329,Steven Spielberg
329,Steven Spielberg
329,Steven Spielberg
329,Steven Spielberg
329,Steven Spielberg
329,Steven Spielberg
329,Steven Spielberg
329,Steven Spielberg
329,Steven Spielberg
329,Steven Spielberg
329,Steven Spielberg
329,Steven Spielberg
329,Steven Spielberg
329,stylized
329,stylized
329,stylized
329,stylized
329,stylized
329,stylized
329,Suspense
329,Suspense
329,Suspense
329,Suspense
329,Suspense
329,Suspense
329,Suspense
329,Suspense
329,Suspense
329,Suspense
329,Suspense
329,Téa Leoni does not star in this movie
329,tense
329,tense
329,tense
329,tense
329,tense
329,tense
329,the best of Jurassic Park
329,thriller
329,thriller
329,thriller
329,thriller
329,thriller
329,Tumey's DVDs
329,tyrannosaurus rex
329,tyrannosaurus rex
329,USA
329,velocoraptors
329,violence
329,violence
329,want to see again
329,Wayne Knight
329,Wayne Knight
329,wonder
329,wonder
788,AFI 100 (Laughs)
788,children
788,children
788,children
788,Chris Columbus
788,Chris Columbus
788,CLV
788,comedy
788,Comedy
788,Comedy
788,Comedy
788,Comedy
788,Comedy
788,Comedy
788,Comedy
788,Comedy
788,Comedy
788,Comedy
788,Comedy
788,Comedy
788,creepy stalker
788,creepy stalker
788,cross dressing
788,cross dressing
788,cross dressing
788,cross dressing
788,cross dressing
788,cross dressing
788,cross dressing
788,cross dressing
788,cross dressing
788,cross dressing
788,cross dressing
788,cross dressing
788,cross dressing men
788,cross dressing men
788,deceit
788,divorce
788,divorce
788,divorce
788,divorce
788,divorce
788,divorce
788,divorce
788,divorce
788,divorce
788,double life
788,double life
788,drama
788,Drama
788,Drama
788,Drama
788,Drama
788,families
788,fun family movie
788,Funny as hell
788,Funny as hell
788,gender disguise
788,girlie movie
788,Harvey Fierstein
788,Impersonation
788,impostor
788,impostor
788,jb's dvds
788,men in drag
788,men in drag
788,movie not to see
788,Moving
788,Moving
788,Mrs. Ted Danson
788,nanny
788,nanny
788,nanny
788,nanny
788,nanny
788,not funny
788,not funny
788,not funny
788,not funny
788,Pierce Brosnan
788,Pierce Brosnan
788,Pierce Brosnan
788,Pierce Brosnan
788,Polly Holliday
788,quirky funny
788,Robin Williams
788,Robin Williams
788,Robin Williams
788,Robin Williams
788,Robin Williams
788,Robin Williams
788,Robin Williams
788,Robin Williams
788,Robin Williams
788,Robin Williams
788,Robin Williams
788,Robin Williams
788,Robin Williams
788,Robin Williams
788,Robin Williams
788,Robin Williams
788,Robin Williams
788,Robin Williams
788,Robin Williams
788,Robin Williams
788,Robin Williams
788,Robin Williams
788,Robin Williams
788,Robin Williams
788,Robin Williams
788,Robin Williams
788,Robin Williams
788,Robin Williams
788,Robin Williams
788,Robin Williams
788,Sallly Field
788,Sally Field
788,Sally Field
788,Sally Field
788,San Francisco
788,San Francisco
788,San Francisco
788,seen at the cinema
788,Shit!!
788,soft
788,suspense
788,transvestism
788,transvestism
424,1930s
424,1930s
424,afi100
424,AFI 100
424,AFI 100
424,AFI 100 (Cheers)
424,AFI #9
424,A Lista de Schindler
424,altruism
424,amazing photography
424,amazing photography
424,amazing photography
424,american ending
424,anti-semitism
424,anti-semitism
424,atmospheric
424,atmospheric
424,atmospheric
424,atmospheric
424,atmospheric
424,atmospheric
424,atmospheric
424,austere
424,A Very Special Episode of Blossom
424,awesome
424,awesome
424,based on a book
424,based on a book
424,based on a book
424,based on a book
424,based on a book
424,based on a book
424,based on a book
424,based on a true story
424,based on a true story
424,based on a true story
424,based on a true story
424,based on a true story
424,based on a true story
424,based on a true story
424,based on a true story
424,based on a true story
424,based on a true story
424,based on a true story
424,based on a true story
424,based on a true story
424,based on a true story
424,based on a true story
424,based on a true story
424,based on a true story
424,based on a true story
424,based on a true story
424,based on a true story
424,based on a true story
424,based on a true story
424,based on a true story
424,based on a true story
424,based on a true story
424,based on a true story
424,based on a true story
424,based on book
424,based on book
424,based on book
424,based on book
424,based on book
424,based on book
424,based on book
424,bathtub
424,Ben Kingsley
424,Best Performance:  Ralph Fiennes as Amon Goeth
424,BEST PICTURE
424,biography
424,biography
424,biography
424,biography
424,biography
424,biography
424,biography
424,biography
424,Biography
424,biopic
424,biopic
424,black and white
424,black and white
424,black and white
424,black and white
424,black and white
424,black and white
424,black and white
424,black and white
424,black and white
424,black and white
424,black and white
424,black and white
424,black and white
424,black and white
424,black and white
424,black and white
424,black and white
424,black and white
424,black and white
424,black and white
424,bleak
424,bleak
424,book
424,cathartic
424,cathartic
424,classic
424,classic
424,classic
424,classic
424,classic
424,classic
424,classic
424,compassionate
424,compassionate
424,Culture
424,deliberate
424,depressing
424,depressing
424,depressing
424,depressing
424,disturbing
424,disturbing
424,disturbing
424,disturbing
424,disturbing
424,disturbing
424,disturbing
424,disturbing
424,disturbing
424,disturbing
424,disturbing
424,disturbing
424,disturbing
424,disturbing
424,disturbing
424,disturbing
424,disturbing
424,disturbing
424,disturbing
424,Do kupienia
424,drama
424,drama
424,drama
424,drama
424,drama
424,drama
424,drama
424,Drama
424,dvd
424,dvd
424,DVD-Video
424,earnest
424,elegiac
424,emotion!
424,emotion!
424,erlend's DVDs
424,factory
424,Favorite
424,german movie
424,good acting
424,great
424,guerra
424,historical
424,historical
424,historical
424,historical
424,historical
424,historical
424,historical
424,historical
424,historical
424,historical
424,historical
424,historical
424,historical
424,historical
424,historical
424,historical
424,historical
424,historical
424,history
424,history
424,history
424,history
424,history
424,history
424,history
424,history
424,history
424,history
424,history
424,history
424,history
424,History
424,hitler
424,holocast
424,holocast
424,holocaust
424,holocaust
424,holocaust
424,holocaust
424,holocaust
424,holocaust
424,holocaust
424,holocaust
424,holocaust
424,holocaust
424,holocaust
424,Holocaust
424,Holocaust
424,Holocaust
424,Holocaust
424,Holocaust
424,Holocaust
424,Holocaust
424,Holocaust
424,Holocaust
424,Holocaust
424,Holocaust
424,Holocaust
424,Holocaust
424,Holocaust
424,Holocaust
424,Holocaust
424,Holocaust
424,Holocaust
424,Holocaust
424,Holocaust
424,Holocaust
424,Holocaust
424,Holocaust
424,Holocaust
424,Holocaust
424,Holocaust
424,Holocaust
424,Holocaust
424,Holocaust
424,Holocaust
424,Holocaust
424,Holocaust
424,Holocaust
424,Holocaust
424,Holocaust
424,Holocaust
424,Holocaust
424,Holocaust
424,Holocaust
424,Holocaust
424,Holocaust
424,Holocaust
424,Holocaust
424,Holocaust
424,Holocaust
424,Holocaust
424,Holocaust
424,Holocaust
424,Holocaust
424,Holocaust
424,Holocaust
424,Holocaust
424,Holocaust
424,Holocaust film
424,Holocaust Poland
424,honest
424,imdb top 250
424,imdb top 250
424,imdb top 250
424,imdb top 250
424,imdb top 250
424,imdb top 250
424,imdb top 250
424,intense
424,interesting
424,jewish
424,Jewish holocaust
424,jews
424,jews
424,Jews
424,Jews
424,judaica
424,jus+san
424,Liam Neesan
424,liam neeson
424,liam neeson
424,liam neeson
424,Liam Neeson
424,Liam Neeson
424,Liam Neeson
424,Liam Neeson
424,Liam Neeson
424,Liam Neeson
424,Liam Neeson
424,Liam Neeson
424,Liam Neeson
424,Liam Neeson
424,life choices
424,literary adaptation
424,literary adaptation
424,literary adaptation
424,literary adaptation
424,long
424,long
424,meaning of life
424,melodrama
424,melodrama
424,memasa's movies
424,moving
424,moving
424,murder
424,mvlc
424,My movies
424,National Film Registry
424,Nazis
424,Nazis
424,Nazis
424,Nazis
424,Nazis
424,Nazis
424,Nazis
424,Nazis
424,Nazis
424,Nazis
424,Nazis
424,Nazis
424,Nazis
424,Nazis
424,Nazis
424,Nazis
424,Nazis
424,Nazis
424,Nazis
424,nightclub
424,nudity
424,Nudity
424,Nudity (Full Frontal - Brief)
424,Oscar (Best Art Direction - Set Decoration)
424,Oscar (Best Art Direction - Set Decoration)
424,Oscar (Best Art Direction - Set Decoration)
424,Oscar (Best Cinematography)
424,Oscar (Best Cinematography)
424,Oscar (Best Cinematography)
424,Oscar (Best Cinematography)
424,Oscar (Best Cinematography)
424,Oscar (Best Cinematography)
424,Oscar (Best Cinematography)
424,Oscar (Best Cinematography)
424,Oscar (Best Cinematography)
424,Oscar (Best Cinematography)
424,Oscar (Best Cinematography)
424,Oscar (Best Directing)
424,Oscar (Best Directing)
424,Oscar (Best Directing)
424,Oscar (Best Directing)
424,Oscar (Best Directing)
424,Oscar (Best Directing)
424,Oscar (Best Directing)
424,Oscar (Best Directing)
424,Oscar (Best Director)
424,Oscar (Best Editing)
424,Oscar (Best Editing)
424,Oscar (Best Music - Original Score)
424,Oscar (Best Music - Original Score)
424,Oscar (Best Picture)
424,Oscar (Best Picture)
424,Oscar (Best Picture)
424,Oscar (Best Picture)
424,Oscar (Best Picture)
424,Oscar (Best Picture)
424,Oscar (Best Picture)
424,Oscar (Best Picture)
424,Oscar (Best Picture)
424,Oscar (Best Picture)
424,Oscar (Best Picture)
424,Oscar (Best Picture)
424,Oscar (Best Picture)
424,Oscar (Best Picture)
424,Oscar (Best Picture)
424,Oscar (Best Picture)
424,Oscar (Best Picture)
424,Oscar (Best Picture)
424,Oscar (Best Picture)
424,Oscar Best Picture
424,Oscar (Best Writing - Screenplay Based on Material from Another Medium)
424,Oscar (Best Writing - Screenplay Based on Material from Another Medium)
424,Oscar (Best Writing - Screenplay Based on Material from Another Medium)
424,Oscar:Editing
424,Oscar Nominee: Supporting Actor
424,Oscar winner
424,Oskar Schindler
424,overrated
424,own
424,own
424,poignant
424,Poland
424,Poland
424,ralph fiennes' acting
424,realism
424,realism
424,realistic
424,redemptive
424,sad
424,saved
424,savior
424,SC
424,scope
424,seen at the cinema
424,seinfeld made out to this
424,sex scene
424,sex scenes
424,sex scenes
424,Sexual content
424,sexuality
424,sexuality
424,sexuality
424,sexuality
424,slow paced
424,somber
424,Speilberg
424,spielberg
424,Spielberg
424,spielberg/lucas
424,Steven Spielberg
424,Steven Spielberg
424,Steven Spielberg
424,Steven Spielberg
424,Steven Spielberg
424,Steven Spielberg
424,Steven Spielberg
424,Steven Spielberg
424,Steven Spielberg
424,Steven Spielberg
424,Steven Spielberg
424,Steven Spielberg
424,Steven Spielberg
424,Steven Spielberg
424,Steven Spielberg
424,Steven Spielberg
424,Steven Spielberg
424,Steven Spielberg
424,Steven Spielberg
424,Steven Spielberg
424,Steven Spielberg
424,Steven Spielberg
424,Steven Spielberg
424,Steven Spielberg
424,Steven Spielberg
424,Steven Spielberg
424,Steven Spielberg
424,Steven Spielberg
424,Steven Spielberg
424,Steven Spielberg
424,Steven Spielberg
424,Steven Spielberg
424,Steven Spielberg
424,Steven Spielberg
424,Steven Spielberg
424,Steven Spielberg
424,strong director
424,survivor
424,The Shoah
424,thought-provoking
424,thought-provoking
424,thought-provoking
424,thought-provoking
424,thought-provoking
424,thought-provoking
424,too intense
424,too slow
424,touching
424,touching
424,touching
424,true story
424,true story
424,true story
424,true story
424,true story
424,true story
424,true story
424,true story
424,true story
424,true story
424,true story
424,true story
424,true story
424,true story
424,true story
424,true story
424,true story
424,true story
424,true story
424,true story
424,true story
424,true story
424,true story
424,true story
424,true story
424,true story
424,true story
424,true story
424,true story
424,true story
424,Tumey's DVDs
424,USA
424,violent
424,violent
424,Want
424,want to see again
424,want to see again
424,war
424,war
424,war
424,war
424,war
424,war
424,war
424,war
424,War
424,Warsaw ghetto
424,World War 2
424,World War 2
424,World War II
424,World War II
424,World War II
424,World War II
424,World War II
424,World War II
424,World War II
424,World War II
424,World War II
424,World War II
424,World War II
424,World War II
424,World War II
424,World War II
424,World War II
424,World War II
424,World War II
424,World War II
424,World War II
424,World War II
424,World War II
424,World War II
424,World War II
424,World War II
424,World War II
424,World War II
424,World War II
424,World War II
424,World War II
424,World War II
424,World War II
424,World War II
424,World War II
424,World War II
424,World War II
424,World War II
424,World War II
424,World War II
424,World War II
424,World War II
424,World War II
424,World War II
424,World War II
424,World War II
424,World War II
424,WW2
424,WW2
424,WWII
424,WWII
424,WWII
424,WWII
424,WWII
424,WWII
424,WWII
424,WWII
424,WWII
3049,1990s
3049,1990s
3049,1990s
3049,action
3049,Action
3049,Action
3049,Action
3049,Action
3049,Action
3049,classic Carrey
3049,classic Carrey
3049,comedy
3049,comedy
3049,comedy
3049,comedy
3049,comedy
3049,comedy
3049,comedy
3049,comedy
3049,comedy
3049,comedy
3049,comedy
3049,comedy
3049,comedy
3049,comedy
3049,Courteney Cox
3049,crude
3049,crude
3049,crude
3049,crude humor
3049,detective
3049,directorial debut
3049,directorial debut
3049,Dumb
3049,Dumb
3049,Dumb
3049,Dumb
3049,Dumb
3049,Dumb
3049,Dumb
3049,Dumb
3049,Dumb
3049,Dumb
3049,Dumb
3049,Dumb
3049,Dumb
3049,Dumb
3049,Dumb
3049,Dumb
3049,Dumb
3049,goofy
3049,goofy
3049,goofy
3049,goofy
3049,goofy
3049,goofy
3049,goofy
3049,goofy
3049,goofy
3049,goofy
3049,goofy
3049,goofy
3049,goofy
3049,goofy
3049,goofy
3049,gross-out
3049,Gross-out
3049,Gross-out
3049,Gross-out
3049,Gross-out
3049,Gross-out
3049,hilarious
3049,hilarious
3049,hilarious
3049,hilarious
3049,jim carrey
3049,Jim Carrey
3049,Jim Carrey
3049,Jim Carrey
3049,Jim Carrey
3049,Jim Carrey
3049,Jim Carrey
3049,Jim Carrey
3049,Jim Carrey
3049,Jim Carrey
3049,Jim Carrey
3049,Jim Carrey
3049,Jim Carrey
3049,Jim Carrey
3049,Jim Carrey
3049,Jim Carrey
3049,Jim Carrey
3049,Jim Carrey
3049,Jim Carrey
3049,Jim Carrey
3049,Jim Carrey
3049,Jim Carrey
3049,Jim Carrey
3049,Jim Carrey
3049,Jim Carrey
3049,Jim Carrey
3049,Jim Carrey
3049,Jim Carrey
3049,Jim Carrey
3049,Jim Carrey
3049,Jim Carrey
3049,Jim Carrey
3049,Jim Carrey
3049,Jim Carrey
3049,Jim Carrey being Jim Carrey
3049,Jim Carrey being Jim Carrey
3049,Jim Carrey being Jim Carrey
3049,Jim Carrey being Jim Carrey
3049,Jim Carrey being Jim Carrey
3049,Jim Carrey being Jim Carrey
3049,Jim Carrey being Jim Carrey
3049,Jim Carrey being Jim Carrey
3049,Jim Carrey being Jim Carrey
3049,Jim Carrey being Jim Carrey
3049,missing dolphin
3049,missing dolphin
3049,missing dolphin
3049,not funny
3049,not funny
3049,not funny
3049,own
3049,private detective
3049,quick change artist
3049,rate up
3049,rate up
3049,sex jokes
3049,sex jokes
3049,sex jokes
3049,sex jokes
3049,sex jokes
3049,silly fun
3049,silly fun
3049,silly fun
3049,silly fun
3049,silly fun
3049,silly fun
3049,silly fun
3049,silly fun
3049,silly fun
3049,silly fun
3049,Stupid as Hell
3049,Stupid as Hell
3049,Stupid as Hell
3049,Stupid as Hell
3049,Stupid as Hell
3049,Stupid as Hell
3049,Tom Shadyac
3049,Tom Shadyac
3049,Tom Shadyac
3049,Tone Loc
3049,very dumb
3049,very dumb
3049,very dumb
3049,very dumb
3049,very dumb
3049,very dumb
3049,very dumb
3049,very dumb
3049,very dumb
3049,very funny
3049,very funny
3049,very funny
3049,very funny
3049,very funny
3049,very funny
3049,very funny
3049,very funny
3049,Want
9331,action
9331,?adapted from:book
9331,author:Tom Clancy
9331,based on a book
9331,based on a book
9331,black ops
9331,boring
9331,Can't remember
9331,character:Jack Ryan
9331,child killing
9331,cia
9331,cia
9331,cia
9331,cia
9331,cia
9331,CIA
9331,clancy
9331,clancy
9331,clancy
9331,Clancy
9331,confrontational
9331,confrontational
9331,conspiracy
9331,drug cartels
9331,drug cartels
9331,Harrison Ford
9331,Harrison Ford
9331,Harrison Ford
9331,Harrison Ford
9331,Harrison Ford
9331,jack ryan
9331,jack ryan
9331,jack ryan
9331,jack ryan
9331,mentor
9331,mentor
9331,organized crime
9331,organized crime
9331,Phillip Noyce
9331,political
9331,political
9331,revenge
9331,revenge
9331,rousing
9331,rousing
9331,sequel
9331,tense
9331,tense
9331,tense
9331,thiller
9331,thiller
9331,Tom Clancy
9331,Tom Clancy
9331,Tom Clancy
9331,Tom Clancy
9331,Tom Clancy
9331,Tom Clancy
9331,USA
9331,USSR
9331,vhs
9331,Want
9331,Willem Dafoe
8467,Bobby Farrelly
8467,buddy movie
8467,Buddy movie
8467,Buddy movie
8467,Buddy movie
8467,Buddy movie
8467,carey
8467,comedy
8467,comedy
8467,comedy
8467,comedy
8467,comedy
8467,comedy
8467,comedy
8467,comedy
8467,comedy
8467,comedy
8467,comedy
8467,cult film
8467,dumb
8467,dumb
8467,dumb but funny
8467,Fantastic!
8467,Fantastic!
8467,Farrelly Brothers
8467,Funniest Film Ever
8467,funniest movies
8467,Funny as hell
8467,Funny as hell
8467,get
8467,goofy
8467,goofy
8467,goofy
8467,goofy
8467,goofy
8467,Gross-out
8467,Gross-out
8467,Gross-out
8467,Gross-out
8467,Harland Williams
8467,Harland Williams
8467,hilarious
8467,hilarious
8467,hilarious
8467,hilarious
8467,hilarious
8467,hilarious
8467,hilarious
8467,hilarious
8467,infantile
8467,infantile
8467,infantile
8467,irreverent
8467,irreverent
8467,irreverent
8467,Jeff Daniels
8467,Jeff Daniels
8467,Jeff Daniels
8467,Jeff Daniels
8467,Jeff Daniels
8467,Jeff Daniels
8467,Jeff Daniels
8467,Jeff Daniels
8467,Jeff Daniels
8467,Jeff Daniels
8467,Jeff Daniels
8467,Jeff Daniels
8467,jim carrey
8467,jim carrey
8467,Jim Carrey
8467,Jim Carrey
8467,Jim Carrey
8467,Jim Carrey
8467,Jim Carrey
8467,Jim Carrey
8467,Jim Carrey
8467,Jim Carrey
8467,Jim Carrey
8467,Jim Carrey
8467,Jim Carrey
8467,Jim Carrey
8467,Jim Carrey
8467,Jim Carrey
8467,Jim Carrey
8467,Jim Carrey
8467,Jim Carrey
8467,Jim Carrey
8467,Jim Carrey
8467,Jim Carrey
8467,Jim Carrey
8467,Jim Carrey
8467,Jim Carrey
8467,Jim Carrey
8467,Jim Carrey
8467,Jim Carrey
8467,Jim Carrey
8467,Jim Carrey
8467,Lauren Holly
8467,madcap
8467,most annoying sound?
8467,not funny
8467,not funny
8467,not funny
8467,not funny
8467,own
8467,protagonist is an idiot
8467,protagonist is an idiot
8467,protagonist is an idiot
8467,quirky
8467,quirky
8467,quirky
8467,quirky
8467,quirky
8467,raunchy
8467,raunchy
8467,raunchy
8467,road trip
8467,road trip
8467,road trip
8467,road trip
8467,road trip
8467,road trip
8467,road trip
8467,road trip
8467,road trip
8467,road trip
8467,Shit!!
8467,silly
8467,silly
8467,silly
8467,silly
8467,silly
8467,silly
8467,silly
8467,slapstick
8467,So dumb it's funny
8467,stupid
8467,stupid
8467,stupid
8467,stupid
8467,stupid
8467,stupid
8467,stupid
8467,stupid
8467,stupid
8467,stupid
8467,stupid
8467,stupid
8467,stupid
8467,stupid
8467,stupidity
8467,Teri Garr
8467,THEATER
8467,THEATER
8467,THEATER
8467,toilet humor
8467,toilet humor
8467,toilet humor
8467,TV
8467,very funny
8467,very funny
8467,very funny
8467,very funny
8467,very funny
8467,very funny
8467,VHS
13,1950s
13,1960s
13,1970s
13,1970s
13,1980s
13,2
13,acting
13,action
13,action
13,adapted from:book
13,adapted from:book
13,adapted from:book
13,adventure
13,AFI 100
13,AFI 100 (Cheers)
13,AFI 100 (Movie Quotes)
13,AFI #71
13,Alabama
13,AMAZING!
13,american dream
13,american dream
13,American history
13,american spirit
13,a mess - but a kinda cool mess
13,amputee
13,anthology
13,author:Winston Groom
13,bad acting
13,based on a book
13,based on a book
13,based on a book
13,based on a book
13,based on a book
13,based on a book
13,based on a book
13,based on a book
13,based on a book
13,based on a book
13,based on a book
13,based on a book
13,based on a book
13,based on a book
13,based on a book
13,based on a book
13,based on a book
13,based on a book
13,based on book
13,based on book
13,Bechdel Test:Fail
13,BEST PICTURE
13,bildungsroman
13,biographical view
13,biography
13,biography
13,biography
13,biopic
13,biopic
13,bittersweet
13,bittersweet
13,bittersweet
13,bittersweet
13,bittersweet
13,bittersweet
13,bittersweet
13,bittersweet
13,bittersweet
13,bittersweet
13,bittersweet
13,bittersweet
13,bittersweet
13,bittersweet
13,bittersweet
13,bittersweet
13,bittersweet
13,bittersweet
13,bittersweet
13,bittersweet
13,bittersweet
13,bittersweet
13,bittersweet
13,bittersweet
13,bittersweet
13,bittersweet
13,bittersweet
13,bittersweet
13,bittersweet
13,bittersweet
13,bittersweet
13,bittersweet
13,bittersweet
13,bittersweet
13,bittersweet
13,bittersweet
13,bittersweet
13,bittersweet
13,bittersweet
13,bittersweet
13,book
13,boredom
13,box
13,[bug?] CÃ¥n this tag be ratÄ?d or trasÄ§ed?
13,buy
13,chocolate
13,chocolates
13,classic
13,classic
13,classic
13,classic
13,classic
13,classic
13,classic
13,classic
13,classic
13,classic
13,classic
13,classic
13,classic
13,classic
13,classic
13,classic
13,classic
13,classic
13,classic
13,classic
13,classic
13,classic
13,classic
13,classic
13,classic
13,classic
13,classic
13,classic
13,classic
13,classic
13,classic
13,classic
13,classic
13,Classic
13,Classic Comedy
13,CLV
13,comedy
13,comedy
13,comedy
13,comedy
13,comedy
13,comedy
13,comedy
13,comedy
13,comedy
13,comedy
13,comedy
13,comedy
13,comedy
13,comedy
13,comedy
13,comedy
13,comedy
13,comedy
13,comedy
13,comedy
13,comedy
13,comedy
13,comedy
13,comedy
13,comedy
13,Comedy
13,conservatism
13,Contradictory
13,cult
13,destiny
13,destiny
13,destiny
13,disability
13,drama
13,drama
13,drama
13,drama
13,drama
13,drama
13,drama
13,drama
13,drama
13,drama
13,drama
13,Drama
13,dumb
13,dvd
13,DVD
13,DVD-Video
13,earnest
13,emotional
13,emotional
13,emotional
13,Eric's Dvds
13,everyone's favorite
13,excellent movie
13,Favorite
13,football
13,football
13,funny
13,Funny
13,Gary Sinise
13,Gary Sinise
13,Gary Sinise
13,Gary Sinise
13,Gary Sinise
13,Good dialogues
13,Good story
13,great acting
13,great acting
13,Great drama
13,great soundtrack
13,great soundtrack
13,great soundtrack
13,great soundtrack
13,great soundtrack
13,great soundtrack
13,great soundtrack
13,heartwarming
13,heartwarming
13,heartwarming
13,hell ya!
13,historical
13,historical
13,historical
13,historical
13,historical
13,historical
13,historical
13,historical
13,historical
13,historical
13,historical
13,historical
13,historical
13,historical
13,historical
13,historical
13,historical
13,historical
13,historical
13,history
13,history
13,history
13,history
13,history
13,history
13,history
13,history
13,history
13,history
13,history
13,history
13,history
13,history
13,history
13,history
13,history
13,history
13,humorous
13,imdb top 250
13,imdb top 250
13,imdb top 250
13,imdb top 250
13,inspirational
13,inspirational
13,inspirational
13,inspirational
13,inspirational
13,inspirational
13,inspirational
13,inspirational
13,inspirational
13,inspirational
13,inspirational
13,inspirational
13,inspirational
13,inspirational
13,inspirational
13,inspirational
13,inspirational
13,inspirational
13,inspirational
13,inspirational
13,inspirational
13,inspirational
13,inspirational
13,jb's dvds
13,JFK
13,journey
13,lame
13,life
13,life in general
13,life in general
13,life positive
13,long
13,lord of the ring
13,lord of the ring
13,Los Angeles
13,love lt. dan
13,love lt. dan
13,main character is simpleminded and has big impact on world
